learner_id,status,mu_intercept,mu_cov0,mu_cov1,score,coef_valid,valid,weight
(),ModelStatus.SUCCESS,3.0,0.0,0.0,0.0820849986238988,True,True,0.0
"(0,)",ModelStatus.SUCCESS,0.025279734769995375,1.0049730625777042,0.0,0.5758624583075163,True,True,1.0
"(1,)",ModelStatus.SUCCESS,3.946640012302013,0.0,-0.29217284330309057,0.09334432412858795,True,True,0.0
"(0, 1)",ModelStatus.SUCCESS,-0.331985590803968,1.059348804954034,0.06059047164815646,0.5054786621816283,True,True,0.0
